airport,airline,scheduled_flights,operated_flights,ctrl_late_pct,peer_ctrl_late_pct,ctrl_gap_pts,carrier_min_per_flight,peer_carrier_min_per_flight,carrier_cancel_pct,peer_carrier_cancel_pct,excess_ctrl_late_flights,is_main_airport
ATL,AA,6810,6643,12.5,13.2,-0.7,7.8,5.5,0.18,0.9,-44,False
ATL,DL,240801,236353,13.2,13.3,-0.1,5.7,4.7,0.98,0.24,-322,True
ATL,UA,7532,7396,8.9,13.3,-4.4,3.6,5.6,0.37,0.9,-326,False
ATL,B6,2575,2487,16.5,13.2,3.4,8.0,5.5,0.54,0.89,84,False
ATL,WN,17795,17530,15.0,13.1,1.9,3.6,5.7,0.17,0.94,340,False
BOS,AA,16933,16438,12.3,14.4,-2.1,6.0,5.1,0.2,0.49,-341,False
BOS,DL,26419,25807,11.5,15.0,-3.4,6.3,4.9,0.89,0.28,-890,False
BOS,UA,12917,12641,9.0,14.8,-5.9,3.0,5.6,0.19,0.48,-740,False
BOS,B6,37487,36425,17.1,12.3,4.8,5.1,5.3,0.38,0.48,1736,True
BOS,WN,7197,7070,21.0,13.5,7.5,4.0,5.3,0.13,0.46,530,False
DEN,AA,8874,8659,13.8,15.5,-1.7,9.5,4.5,0.28,0.17,-147,False
DEN,DL,11579,11392,7.5,15.9,-8.4,5.2,4.7,0.73,0.15,-953,False
DEN,UA,107305,106528,12.2,18.6,-6.4,3.7,5.7,0.14,0.22,-6790,True
DEN,B6,1249,1210,16.7,15.5,1.2,10.0,4.7,0.56,0.17,15,False
DEN,WN,88768,87968,20.5,12.0,8.6,5.3,4.3,0.14,0.2,7542,True
DFW,AA,164581,158920,25.2,8.8,16.4,8.1,5.8,0.25,0.83,26136,True
DFW,DL,11747,11420,8.4,24.3,-15.9,6.7,7.9,1.17,0.26,-1816,False
DFW,UA,9850,9644,9.1,24.1,-15.0,4.4,8.0,0.44,0.31,-1450,False
DFW,B6,364,352,14.8,23.3,-8.5,14.0,7.8,0.55,0.32,-30,False
