airline,airport,month,ctrl_late_pct,peer_ctrl_late_pct,ctrl_gap_pts
AA,DFW,2025-07,33.7,12.1,21.6
AA,DFW,2025-08,30.7,9.5,21.2
AA,DFW,2025-09,19.9,6.4,13.5
AA,DFW,2025-10,21.5,6.3,15.2
AA,DFW,2025-11,22.3,9.1,13.2
AA,DFW,2025-12,28.4,10.1,18.3
AA,DFW,2026-01,24.2,7.6,16.6
AA,DFW,2026-02,20.2,6.1,14.2
AA,DFW,2026-03,24.4,9.9,14.4
AA,DFW,2026-04,21.3,6.7,14.6
AA,DFW,2026-05,22.5,9.7,12.8
AA,DFW,2026-06,32.4,11.6,20.8
DL,ATL,2025-07,19.5,18.4,1.1
DL,ATL,2025-08,12.4,12.8,-0.4
DL,ATL,2025-09,8.4,8.1,0.3
DL,ATL,2025-10,11.3,13.7,-2.4
DL,ATL,2025-11,11.0,11.0,-0.1
DL,ATL,2025-12,17.9,15.6,2.2
DL,ATL,2026-01,14.0,8.9,5.1
DL,ATL,2026-02,12.6,9.8,2.8
DL,ATL,2026-03,15.6,13.8,1.8
DL,ATL,2026-04,10.6,10.3,0.2
DL,ATL,2026-05,13.8,18.0,-4.2
DL,ATL,2026-06,10.9,18.1,-7.1
UA,DEN,2025-07,24.0,26.0,-2.0
UA,DEN,2025-08,17.3,20.2,-2.9
UA,DEN,2025-09,10.1,15.2,-5.1
UA,DEN,2025-10,8.1,17.5,-9.4
UA,DEN,2025-11,7.5,11.4,-3.9
UA,DEN,2025-12,13.8,20.2,-6.4
UA,DEN,2026-01,9.0,10.8,-1.8
UA,DEN,2026-02,9.4,13.6,-4.1
UA,DEN,2026-03,12.1,18.8,-6.8
UA,DEN,2026-04,6.0,15.5,-9.5
UA,DEN,2026-05,11.1,20.6,-9.5
UA,DEN,2026-06,16.3,29.1,-12.9
B6,BOS,2025-07,21.8,14.5,7.3
B6,BOS,2025-08,14.8,11.3,3.4
B6,BOS,2025-09,13.3,16.4,-3.0
B6,BOS,2025-10,16.3,16.4,-0.1
B6,BOS,2025-11,16.6,10.7,5.9
B6,BOS,2025-12,26.9,15.4,11.5
B6,BOS,2026-01,20.3,11.1,9.2
B6,BOS,2026-02,20.5,9.3,11.2
B6,BOS,2026-03,16.4,9.8,6.6
B6,BOS,2026-04,12.8,8.8,4.0
B6,BOS,2026-05,11.6,10.0,1.6
B6,BOS,2026-06,15.6,12.8,2.8
WN,DEN,2025-07,28.3,22.6,5.7
WN,DEN,2025-08,22.2,16.5,5.7
WN,DEN,2025-09,17.2,9.6,7.6
WN,DEN,2025-10,19.9,8.1,11.8
WN,DEN,2025-11,12.5,7.4,5.2
WN,DEN,2025-12,21.3,14.1,7.2
WN,DEN,2026-01,11.2,9.0,2.2
WN,DEN,2026-02,14.6,9.3,5.3
WN,DEN,2026-03,20.6,11.9,8.6
WN,DEN,2026-04,17.6,6.1,11.6
WN,DEN,2026-05,23.6,10.7,12.9
WN,DEN,2026-06,32.6,16.1,16.5
