pct_departing_late,recovery_min,ground_time_median_min,time_band,airline,airport
19.9,14.0,65.0,before 09,AA,DFW
29.3,16.9,66.0,09-11,AA,DFW
36.3,17.8,64.0,12-14,AA,DFW
42.4,20.6,66.0,15-17,AA,DFW
48.3,13.4,66.0,18-20,AA,DFW
48.0,17.0,71.0,21+,AA,DFW
10.8,1.9,55.0,before 09,B6,BOS
18.9,3.3,57.0,09-11,B6,BOS
27.6,4.8,60.0,12-14,B6,BOS
38.8,6.4,67.0,15-17,B6,BOS
45.0,7.8,70.0,18-20,B6,BOS
48.0,5.6,66.0,21+,B6,BOS
9.0,19.0,66.0,before 09,DL,ATL
13.5,20.4,69.0,09-11,DL,ATL
17.8,31.4,66.0,12-14,DL,ATL
23.8,13.1,67.0,15-17,DL,ATL
26.4,18.7,74.0,18-20,DL,ATL
22.0,21.4,77.0,21+,DL,ATL
6.8,17.3,71.0,before 09,UA,DEN
14.0,19.5,73.0,09-11,UA,DEN
17.1,40.1,82.0,12-14,UA,DEN
23.6,15.6,73.0,15-17,UA,DEN
30.4,16.9,73.0,18-20,UA,DEN
22.5,38.7,97.0,21+,UA,DEN
9.9,4.1,55.0,before 09,WN,DEN
23.1,7.5,50.0,09-11,WN,DEN
35.0,-1.3,45.0,12-14,WN,DEN
47.3,-2.8,45.0,15-17,WN,DEN
57.0,-1.1,50.0,18-20,WN,DEN
52.5,4.4,55.0,21+,WN,DEN
